iteration	thresholded?	threshold	precision	recall
0	0	5.9666915e-25	0.0794351279788173	1.0
0	0	1.049591e-23	0.07950530035335689	1.0
0	0	2.278091e-22	0.07957559681697612	1.0
0	0	4.268247e-21	0.07964601769911504	1.0
0	0	6.4721277e-21	0.07971656333038087	1.0
0	0	1.4412438e-20	0.0797872340425532	1.0
0	0	2.3643103e-20	0.07985803016858918	1.0
0	0	2.6875592e-20	0.07992895204262877	1.0
0	0	7.232782e-20	0.08	1.0
0	0	1.3647043e-19	0.0800711743772242	1.0
0	0	1.364975e-19	0.08014247551202137	1.0
0	0	1.399756e-19	0.08021390374331551	1.0
0	0	2.487513e-19	0.08028545941123996	1.0
0	0	7.7784363e-19	0.08035714285714286	1.0
0	0	9.224022e-19	0.08042895442359249	1.0
0	0	1.4909031e-18	0.08050089445438283	1.0
0	0	6.7405434e-18	0.08057296329453895	1.0
0	0	7.382677e-18	0.08064516129032258	1.0
0	0	8.289112e-18	0.08071748878923767	1.0
0	0	9.481245e-18	0.0807899461400359	1.0
0	0	1.1470075e-17	0.08086253369272237	1.0
0	0	1.1506362e-17	0.08093525179856115	1.0
0	0	1.5832614e-17	0.081008100810081	1.0
0	0	1.5925717e-17	0.08108108108108109	1.0
0	0	2.0688571e-17	0.0811541929666366	1.0
0	0	3.1493757e-17	0.0812274368231047	1.0
0	0	5.1313425e-17	0.08130081300813008	1.0
0	0	6.0873704e-17	0.081374321880651	1.0
0	0	8.5797225e-17	0.08144796380090498	1.0
0	0	1.1959892e-16	0.08152173913043478	1.0
0	0	1.2188338e-16	0.0815956482320943	1.0
0	0	1.4465344e-16	0.08166969147005444	1.0
0	0	1.4806233e-16	0.08174386920980926	1.0
0	0	1.7900515e-16	0.08181818181818182	1.0
0	0	1.7952143e-16	0.0818926296633303	1.0
0	0	1.8045316e-16	0.08196721311475409	1.0
0	0	2.0938922e-16	0.0820419325432999	1.0
0	0	2.8227823e-16	0.08211678832116788	1.0
0	0	3.1882405e-16	0.0821917808219178	1.0
0	0	3.447967e-16	0.08226691042047532	1.0
0	0	3.4610529e-16	0.08234217749313816	1.0
0	0	3.7511947e-16	0.08241758241758242	1.0
0	0	3.754373e-16	0.08249312557286893	1.0
0	0	5.962646e-16	0.08256880733944955	1.0
0	0	6.0428125e-16	0.08264462809917356	1.0
0	0	6.1383244e-16	0.08272058823529412	1.0
0	0	7.2170595e-16	0.0827966881324747	1.0
0	0	7.289496e-16	0.08287292817679558	1.0
0	0	7.2990687e-16	0.08294930875576037	1.0
0	0	9.346127e-16	0.08302583025830258	1.0
0	0	9.904972e-16	0.08310249307479224	1.0
0	0	1.2160571e-15	0.08317929759704251	1.0
0	0	1.2191553e-15	0.08325624421831637	1.0
0	0	1.3296705e-15	0.08333333333333333	1.0
0	0	1.3450158e-15	0.08341056533827618	1.0
0	0	1.4699428e-15	0.08348794063079777	1.0
0	0	2.0148915e-15	0.08356545961002786	1.0
0	0	2.2847744e-15	0.08364312267657993	1.0
0	0	2.5378672e-15	0.08372093023255814	1.0
0	0	3.1241792e-15	0.08379888268156424	1.0
0	0	3.170474e-15	0.08387698042870456	1.0
0	0	3.5147001e-15	0.08395522388059702	1.0
0	0	4.1746214e-15	0.08403361344537816	1.0
0	0	4.785333e-15	0.08411214953271028	1.0
0	0	5.5137915e-15	0.08419083255378859	1.0
0	0	6.2774484e-15	0.08426966292134831	1.0
0	0	6.5164426e-15	0.08434864104967198	1.0
0	0	7.0792003e-15	0.08442776735459662	1.0
0	0	7.278164e-15	0.08450704225352113	1.0
0	0	7.5927584e-15	0.08458646616541353	1.0
0	0	7.611086e-15	0.08466603951081844	1.0
0	0	8.458e-15	0.0847457627118644	1.0
0	0	8.72572e-15	0.08482563619227144	1.0
0	0	9.0012624e-15	0.08490566037735849	1.0
0	0	1.0771293e-14	0.08498583569405099	1.0
0	0	1.5411282e-14	0.08506616257088846	1.0
0	0	1.6479204e-14	0.08514664143803216	1.0
0	0	1.7243034e-14	0.08522727272727272	1.0
0	0	2.2809439e-14	0.08530805687203792	1.0
0	0	2.8586315e-14	0.08538899430740038	1.0
0	0	3.586745e-14	0.08547008547008547	1.0
0	0	3.625337e-14	0.08555133079847908	1.0
0	0	3.637576e-14	0.08563273073263558	1.0
0	0	4.301279e-14	0.08571428571428572	1.0
0	0	4.988172e-14	0.08579599618684461	1.0
0	0	5.204607e-14	0.08587786259541985	1.0
0	0	6.544072e-14	0.08595988538681948	1.0
0	0	6.920875e-14	0.08604206500956023	1.0
0	0	7.362443e-14	0.0861244019138756	1.0
0	0	8.2382824e-14	0.08620689655172414	1.0
0	0	8.866702e-14	0.0862895493767977	1.0
0	0	9.3181905e-14	0.08637236084452975	1.0
0	0	1.05849045e-13	0.08645533141210375	1.0
0	0	1.2837475e-13	0.08653846153846154	1.0
0	0	1.2959055e-13	0.08662175168431184	1.0
0	0	1.3609419e-13	0.08670520231213873	1.0
0	0	1.4650291e-13	0.08678881388621022	1.0
0	0	1.5067616e-13	0.08687258687258688	1.0
0	0	1.5810314e-13	0.08695652173913043	1.0
0	0	1.9578099e-13	0.08704061895551257	1.0
0	0	2.0406013e-13	0.08712487899322362	1.0
0	0	2.1809808e-13	0.0872093023255814	1.0
0	0	2.367008e-13	0.08729388942774007	1.0
0	0	2.745683e-13	0.08737864077669903	1.0
0	0	2.9532653e-13	0.08746355685131195	1.0
0	0	3.1050832e-13	0.08754863813229571	1.0
0	0	3.1133977e-13	0.08763388510223953	1.0
0	0	3.289181e-13	0.08771929824561403	1.0
0	0	3.4911256e-13	0.08780487804878048	1.0
0	0	3.5042482e-13	0.087890625	1.0
0	0	3.637668e-13	0.08797653958944282	1.0
0	0	3.7730864e-13	0.08806262230919765	1.0
0	0	4.2734205e-13	0.0871694417238002	0.9888888888888889
0	0	4.7496105e-13	0.08725490196078431	0.9888888888888889
0	0	4.7520484e-13	0.0873405299313052	0.9888888888888889
0	0	4.803041e-13	0.08742632612966601	0.9888888888888889
0	0	4.8289264e-13	0.08751229105211406	0.9888888888888889
0	0	4.9326943e-13	0.08759842519685039	0.9888888888888889
0	0	5.139963e-13	0.08768472906403942	0.9888888888888889
0	0	5.571625e-13	0.08777120315581854	0.9888888888888889
0	0	6.5474964e-13	0.087857847976308	0.9888888888888889
0	0	6.7178684e-13	0.08794466403162056	0.9888888888888889
0	0	7.8138353e-13	0.08803165182987141	0.9888888888888889
0	0	7.8434297e-13	0.08811881188118811	0.9888888888888889
0	0	7.931422e-13	0.08820614469772052	0.9888888888888889
0	0	8.227781e-13	0.0882936507936508	0.9888888888888889
0	0	9.135316e-13	0.08838133068520357	0.9888888888888889
0	0	9.37603e-13	0.08846918489065607	0.9888888888888889
0	0	9.54463e-13	0.08855721393034825	0.9888888888888889
0	0	1.1223436e-12	0.08864541832669323	0.9888888888888889
0	0	1.2339636e-12	0.08873379860418744	0.9888888888888889
0	0	1.3808274e-12	0.08882235528942116	0.9888888888888889
0	0	1.4510417e-12	0.08891108891108891	0.9888888888888889
0	0	1.9376941e-12	0.089	0.9888888888888889
0	0	2.127479e-12	0.0890890890890891	0.9888888888888889
0	0	2.1868388e-12	0.08917835671342686	0.9888888888888889
0	0	2.201226e-12	0.08926780341023069	0.9888888888888889
0	0	2.2237902e-12	0.0893574297188755	0.9888888888888889
0	0	2.225203e-12	0.08944723618090453	0.9888888888888889
0	0	2.340495e-12	0.08953722334004025	0.9888888888888889
0	0	2.4423744e-12	0.08962739174219536	0.9888888888888889
0	0	2.6492463e-12	0.08971774193548387	0.9888888888888889
0	0	2.6629653e-12	0.08980827447023208	0.9888888888888889
0	0	2.785924e-12	0.0898989898989899	0.9888888888888889
0	0	2.7859613e-12	0.08998988877654196	0.9888888888888889
0	0	2.9635819e-12	0.09008097165991903	0.9888888888888889
0	0	3.1125857e-12	0.09017223910840932	0.9888888888888889
0	0	3.14664e-12	0.09026369168356999	0.9888888888888889
0	0	3.310393e-12	0.09035532994923857	0.9888888888888889
0	0	3.3176305e-12	0.09044715447154472	0.9888888888888889
0	0	3.388554e-12	0.09053916581892167	0.9888888888888889
0	0	3.5949878e-12	0.09063136456211812	0.9888888888888889
0	0	3.9600875e-12	0.09072375127421	0.9888888888888889
0	0	4.1363224e-12	0.09081632653061225	0.9888888888888889
0	0	4.3907386e-12	0.09090909090909091	0.9888888888888889
0	0	4.491186e-12	0.09100204498977506	0.9888888888888889
0	0	4.7932695e-12	0.09109518935516889	0.9888888888888889
0	0	4.9259364e-12	0.09118852459016394	0.9888888888888889
0	0	5.2976365e-12	0.09128205128205129	0.9888888888888889
0	0	7.032512e-12	0.09137577002053388	0.9888888888888889
0	0	7.142386e-12	0.09146968139773895	0.9888888888888889
0	0	7.360934e-12	0.09156378600823045	0.9888888888888889
0	0	8.3472855e-12	0.09165808444902163	0.9888888888888889
0	0	8.611551e-12	0.09175257731958762	0.9888888888888889
0	0	9.85874e-12	0.09184726522187822	0.9888888888888889
0	0	1.1207206e-11	0.09194214876033058	0.9888888888888889
0	0	1.1451574e-11	0.09203722854188211	0.9888888888888889
0	0	1.1790548e-11	0.09213250517598344	0.9888888888888889
0	0	1.2322543e-11	0.0922279792746114	0.9888888888888889
0	0	1.23366066e-11	0.09232365145228216	0.9888888888888889
0	0	1.2819407e-11	0.09241952232606439	0.9888888888888889
0	0	1.3485506e-11	0.09251559251559252	0.9888888888888889
0	0	1.4502787e-11	0.09261186264308012	0.9888888888888889
0	0	1.5010148e-11	0.09270833333333334	0.9888888888888889
0	0	1.6572752e-11	0.09280500521376434	0.9888888888888889
0	0	1.6813903e-11	0.09290187891440502	0.9888888888888889
0	0	1.711674e-11	0.09299895506792058	0.9888888888888889
0	0	1.7594355e-11	0.09309623430962342	0.9888888888888889
0	0	1.8413703e-11	0.09319371727748692	0.9888888888888889
0	0	1.8435035e-11	0.09329140461215933	0.9888888888888889
0	0	1.9341797e-11	0.09338929695697797	0.9888888888888889
0	0	1.9373439e-11	0.0934873949579832	0.9888888888888889
0	0	2.0688557e-11	0.0935856992639327	0.9888888888888889
0	0	2.097667e-11	0.09368421052631579	0.9888888888888889
0	0	2.2070665e-11	0.09378292939936776	0.9888888888888889
0	0	2.255982e-11	0.0938818565400844	0.9888888888888889
0	0	2.2723493e-11	0.09398099260823653	0.9888888888888889
0	0	2.2922081e-11	0.09408033826638477	0.9888888888888889
0	0	2.3468795e-11	0.09417989417989418	0.9888888888888889
0	0	2.3813337e-11	0.09427966101694915	0.9888888888888889
0	0	2.4169756e-11	0.09437963944856839	0.9888888888888889
0	0	2.465323e-11	0.09447983014861996	0.9888888888888889
0	0	2.5474407e-11	0.09458023379383634	0.9888888888888889
0	0	2.7218361e-11	0.09468085106382979	0.9888888888888889
0	0	2.7367452e-11	0.09478168264110756	0.9888888888888889
0	0	2.8161426e-11	0.09488272921108742	0.9888888888888889
0	0	2.8337834e-11	0.09498399146211313	0.9888888888888889
0	0	3.009501e-11	0.09508547008547008	0.9888888888888889
0	0	3.1834296e-11	0.09518716577540107	0.9888888888888889
0	0	3.252731e-11	0.09528907922912205	0.9888888888888889
0	0	3.5789326e-11	0.09539121114683816	0.9888888888888889
0	0	3.6711353e-11	0.09549356223175966	0.9888888888888889
0	0	3.744499e-11	0.09559613319011816	0.9888888888888889
0	0	3.7529074e-11	0.0956989247311828	0.9888888888888889
0	0	4.012896e-11	0.09580193756727665	0.9888888888888889
0	0	4.0494018e-11	0.09590517241379311	0.9888888888888889
0	0	4.0839263e-11	0.09600862998921252	0.9888888888888889
0	0	4.2916566e-11	0.09611231101511879	0.9888888888888889
0	0	4.5154963e-11	0.09621621621621622	0.9888888888888889
0	0	4.7804528e-11	0.09632034632034632	0.9888888888888889
0	0	4.9364735e-11	0.09642470205850487	0.9888888888888889
0	0	4.9662215e-11	0.09652928416485901	0.9888888888888889
0	0	5.021792e-11	0.09663409337676439	0.9888888888888889
0	0	5.030928e-11	0.0967391304347826	0.9888888888888889
0	0	5.1399683e-11	0.09684439608269858	0.9888888888888889
0	0	5.39535e-11	0.09694989106753812	0.9888888888888889
0	0	5.521422e-11	0.0970556161395856	0.9888888888888889
0	0	5.5815328e-11	0.09716157205240175	0.9888888888888889
0	0	5.7807967e-11	0.09726775956284153	0.9888888888888889
0	0	6.004798e-11	0.09737417943107221	0.9888888888888889
0	0	7.0589624e-11	0.09748083242059145	0.9888888888888889
0	0	7.5482565e-11	0.09758771929824561	0.9888888888888889
0	0	7.587186e-11	0.09769484083424808	0.9888888888888889
0	0	7.822955e-11	0.0978021978021978	0.9888888888888889
0	0	7.936666e-11	0.09790979097909791	0.9888888888888889
0	0	8.016922e-11	0.09801762114537445	0.9888888888888889
0	0	8.168963e-11	0.09812568908489526	0.9888888888888889
0	0	8.220025e-11	0.09823399558498896	0.9888888888888889
0	0	8.395943e-11	0.09834254143646409	0.9888888888888889
0	0	8.5751524e-11	0.09845132743362832	0.9888888888888889
0	0	8.782508e-11	0.09856035437430787	0.9888888888888889
0	0	9.246043e-11	0.09866962305986696	0.9888888888888889
0	0	1.0013558e-10	0.09877913429522753	0.9888888888888889
0	0	1.0195508e-10	0.09888888888888889	0.9888888888888889
0	0	1.06763064e-10	0.09899888765294772	0.9888888888888889
0	0	1.1759335e-10	0.09910913140311804	0.9888888888888889
0	0	1.2132108e-10	0.09921962095875139	0.9888888888888889
0	0	1.2228707e-10	0.09933035714285714	0.9888888888888889
0	0	1.2258738e-10	0.09944134078212291	0.9888888888888889
0	0	1.2320951e-10	0.09955257270693513	0.9888888888888889
0	0	1.2573358e-10	0.09966405375139978	0.9888888888888889
0	0	1.2637554e-10	0.09977578475336323	0.9888888888888889
0	0	1.2790569e-10	0.09988776655443322	0.9888888888888889
0	0	1.385361e-10	0.1	0.9888888888888889
0	0	1.4042145e-10	0.10011248593925759	0.9888888888888889
0	0	1.4145236e-10	0.10022522522522523	0.9888888888888889
0	0	1.4397454e-10	0.10033821871476889	0.9888888888888889
0	0	1.4905081e-10	0.10045146726862303	0.9888888888888889
0	0	1.608703e-10	0.10056497175141244	0.9888888888888889
0	0	1.637562e-10	0.10067873303167421	0.9888888888888889
0	0	1.6716989e-10	0.10079275198187995	0.9888888888888889
0	0	1.7226502e-10	0.10090702947845805	0.9888888888888889
0	0	1.8337133e-10	0.10102156640181612	0.9888888888888889
0	0	1.8358023e-10	0.10113636363636364	0.9888888888888889
0	0	1.856022e-10	0.1012514220705347	0.9888888888888889
0	0	1.891063e-10	0.10136674259681093	0.9888888888888889
0	0	2.0210782e-10	0.10148232611174458	0.9888888888888889
0	0	2.0670383e-10	0.10159817351598173	0.9888888888888889
0	0	2.1850399e-10	0.10171428571428572	0.9888888888888889
0	0	2.2542027e-10	0.10183066361556065	0.9888888888888889
0	0	2.427242e-10	0.10194730813287514	0.9888888888888889
0	0	2.4492156e-10	0.10206422018348624	0.9888888888888889
0	0	2.5097996e-10	0.10218140068886337	0.9888888888888889
0	0	2.540518e-10	0.10229885057471265	0.9888888888888889
0	0	2.7479138e-10	0.10241657077100115	0.9888888888888889
0	0	2.8305383e-10	0.10253456221198157	0.9888888888888889
0	0	3.0281583e-10	0.10265282583621683	0.9888888888888889
0	0	3.2179415e-10	0.10277136258660508	0.9888888888888889
0	0	3.272422e-10	0.10289017341040463	0.9888888888888889
0	0	3.295654e-10	0.10300925925925926	0.9888888888888889
0	0	3.386632e-10	0.10312862108922363	0.9888888888888889
0	0	3.5868e-10	0.10324825986078887	0.9888888888888889
0	0	3.6506503e-10	0.10336817653890824	0.9888888888888889
0	0	3.650762e-10	0.10348837209302325	0.9888888888888889
0	0	3.6834258e-10	0.10360884749708964	0.9888888888888889
0	0	3.8115e-10	0.10372960372960373	0.9888888888888889
0	0	3.8305073e-10	0.10385064177362893	0.9888888888888889
0	0	3.8537673e-10	0.10397196261682243	0.9888888888888889
0	0	3.8720394e-10	0.10409356725146199	0.9888888888888889
0	0	3.9679318e-10	0.10421545667447307	0.9888888888888889
0	0	3.9838874e-10	0.10433763188745604	0.9888888888888889
0	0	4.1381495e-10	0.10446009389671361	0.9888888888888889
0	0	4.1460263e-10	0.1045828437132785	0.9888888888888889
0	0	4.2363635e-10	0.10470588235294118	0.9888888888888889
0	0	4.2843795e-10	0.10482921083627797	0.9888888888888889
0	0	4.3262094e-10	0.10495283018867925	0.9888888888888889
0	0	4.5628648e-10	0.1050767414403778	0.9888888888888889
0	0	4.6021267e-10	0.10520094562647754	0.9888888888888889
0	0	4.707095e-10	0.10532544378698225	0.9888888888888889
0	0	4.8655174e-10	0.10545023696682465	0.9888888888888889
0	0	5.0464327e-10	0.1055753262158956	0.9888888888888889
0	0	5.098192e-10	0.10570071258907364	0.9888888888888889
0	0	5.114837e-10	0.10582639714625446	0.9888888888888889
0	0	5.200143e-10	0.10595238095238095	0.9888888888888889
0	0	5.4715543e-10	0.10607866507747318	0.9888888888888889
0	0	5.598809e-10	0.10620525059665871	0.9888888888888889
0	0	5.683616e-10	0.1063321385902031	0.9888888888888889
0	0	5.759998e-10	0.10645933014354067	0.9888888888888889
0	0	5.89999e-10	0.10658682634730539	0.9888888888888889
0	0	6.4529343e-10	0.10671462829736211	0.9888888888888889
0	0	6.456419e-10	0.10684273709483794	0.9888888888888889
0	0	6.608255e-10	0.10697115384615384	0.9888888888888889
0	0	6.8501155e-10	0.10709987966305656	0.9888888888888889
0	0	7.189589e-10	0.10722891566265061	0.9888888888888889
0	0	7.2755857e-10	0.10735826296743065	0.9888888888888889
0	0	7.5829504e-10	0.10748792270531402	0.9888888888888889
0	0	7.820989e-10	0.10761789600967352	0.9888888888888889
0	0	8.727374e-10	0.10774818401937046	0.9888888888888889
0	0	8.800186e-10	0.10787878787878788	0.9888888888888889
0	0	8.8140784e-10	0.10800970873786407	0.9888888888888889
0	0	8.940235e-10	0.10814094775212636	0.9888888888888889
0	0	9.0013025e-10	0.10827250608272507	0.9888888888888889
0	0	9.0410834e-10	0.10840438489646773	0.9888888888888889
0	0	9.142145e-10	0.10853658536585366	0.9888888888888889
0	0	9.164964e-10	0.10866910866910867	0.9888888888888889
0	0	9.441834e-10	0.10880195599022005	0.9888888888888889
0	0	9.473041e-10	0.10893512851897184	0.9888888888888889
0	0	9.762122e-10	0.1090686274509804	0.9888888888888889
0	0	1.0148986e-09	0.10920245398773006	0.9888888888888889
0	0	1.0520217e-09	0.10933660933660934	0.9888888888888889
0	0	1.0617602e-09	0.10947109471094711	0.9888888888888889
0	0	1.0719794e-09	0.10960591133004927	0.9888888888888889
0	0	1.0934997e-09	0.10974106041923551	0.9888888888888889
0	0	1.102217e-09	0.10987654320987654	0.9888888888888889
0	0	1.1396937e-09	0.1100123609394314	0.9888888888888889
0	0	1.1612302e-09	0.11014851485148515	0.9888888888888889
0	0	1.2035567e-09	0.11028500619578686	0.9888888888888889
0	0	1.2265551e-09	0.11042183622828784	0.9888888888888889
0	0	1.3013052e-09	0.11055900621118013	0.9888888888888889
0	0	1.3016106e-09	0.11069651741293532	0.9888888888888889
0	0	1.3226831e-09	0.11083437110834371	0.9888888888888889
0	0	1.3828749e-09	0.11097256857855362	0.9888888888888889
0	0	1.4590643e-09	0.1111111111111111	0.9888888888888889
0	0	1.4912825e-09	0.11125	0.9888888888888889
0	0	1.5459898e-09	0.1113892365456821	0.9888888888888889
0	0	1.6163931e-09	0.11152882205513784	0.9888888888888889
0	0	1.659339e-09	0.11166875784190715	0.9888888888888889
0	0	1.6611568e-09	0.11180904522613065	0.9888888888888889
0	0	1.6681609e-09	0.1119496855345912	0.9888888888888889
0	0	1.6690966e-09	0.11209068010075567	0.9888888888888889
0	0	1.7270793e-09	0.11223203026481715	0.9888888888888889
0	0	1.7363674e-09	0.11237373737373738	0.9888888888888889
0	0	1.8107094e-09	0.1125158027812895	0.9888888888888889
0	0	1.8128172e-09	0.11265822784810127	0.9888888888888889
0	0	1.8146508e-09	0.11280101394169835	0.9888888888888889
0	0	2.065987e-09	0.11294416243654823	0.9888888888888889
0	0	2.0922948e-09	0.11308767471410419	0.9888888888888889
0	0	2.1280098e-09	0.11323155216284987	0.9888888888888889
0	0	2.1464475e-09	0.11337579617834395	0.9888888888888889
0	0	2.3353703e-09	0.11352040816326531	0.9888888888888889
0	0	2.3545534e-09	0.1136653895274585	0.9888888888888889
0	0	2.4438087e-09	0.11381074168797954	0.9888888888888889
0	0	2.4519093e-09	0.11395646606914213	0.9888888888888889
0	0	2.527595e-09	0.1141025641025641	0.9888888888888889
0	0	2.5458355e-09	0.11424903722721438	0.9888888888888889
0	0	2.5562872e-09	0.11439588688946016	0.9888888888888889
0	0	2.6411275e-09	0.11454311454311454	0.9888888888888889
0	0	2.6575708e-09	0.11469072164948453	0.9888888888888889
0	0	2.714508e-09	0.11483870967741935	0.9888888888888889
0	0	2.7848126e-09	0.11498708010335917	0.9888888888888889
0	0	2.8613882e-09	0.11513583441138421	0.9888888888888889
0	0	2.8946978e-09	0.11528497409326424	0.9888888888888889
0	0	2.950057e-09	0.11543450064850844	0.9888888888888889
0	0	3.0841298e-09	0.11558441558441558	0.9888888888888889
0	0	3.2636223e-09	0.11573472041612484	0.9888888888888889
0	0	3.3309318e-09	0.11588541666666667	0.9888888888888889
0	0	3.335859e-09	0.11603650586701435	0.9888888888888889
0	0	3.3615737e-09	0.11618798955613577	0.9888888888888889
0	0	3.4999e-09	0.11633986928104575	0.9888888888888889
0	0	3.543358e-09	0.11649214659685864	0.9888888888888889
0	0	3.588711e-09	0.11664482306684142	0.9888888888888889
0	0	3.6158783e-09	0.1167979002624672	0.9888888888888889
0	0	3.6219803e-09	0.11695137976346912	0.9888888888888889
0	0	3.7938843e-09	0.11710526315789474	0.9888888888888889
0	0	3.858123e-09	0.11725955204216074	0.9888888888888889
0	0	3.8587413e-09	0.11741424802110818	0.9888888888888889
0	0	3.958674e-09	0.11756935270805813	0.9888888888888889
0	0	4.0077675e-09	0.11772486772486772	0.9888888888888889
0	0	4.0207913e-09	0.11788079470198676	0.9888888888888889
0	0	4.045029e-09	0.11803713527851459	0.9888888888888889
0	0	4.4349844e-09	0.11819389110225764	0.9888888888888889
0	0	4.4925805e-09	0.11835106382978723	0.9888888888888889
0	0	4.5058046e-09	0.118508655126498	0.9888888888888889
0	0	4.543882e-09	0.11866666666666667	0.9888888888888889
0	0	4.6149626e-09	0.11882510013351134	0.9888888888888889
0	0	4.6215516e-09	0.11898395721925134	0.9888888888888889
0	0	4.8339213e-09	0.11914323962516733	0.9888888888888889
0	0	4.8378603e-09	0.1193029490616622	0.9888888888888889
0	0	4.90703e-09	0.11946308724832215	0.9888888888888889
0	0	4.9379003e-09	0.1196236559139785	0.9888888888888889
0	0	4.980228e-09	0.11978465679676985	0.9888888888888889
0	0	5.1914046e-09	0.11994609164420485	0.9888888888888889
0	0	5.302173e-09	0.12010796221322537	0.9888888888888889
0	0	5.409689e-09	0.12027027027027028	0.9888888888888889
0	0	5.453616e-09	0.12043301759133965	0.9888888888888889
0	0	5.4712963e-09	0.12059620596205962	0.9888888888888889
0	0	5.503144e-09	0.12075983717774763	0.9888888888888889
0	0	5.582763e-09	0.12092391304347826	0.9888888888888889
0	0	5.6038654e-09	0.12108843537414966	0.9888888888888889
0	0	5.633766e-09	0.12125340599455041	0.9888888888888889
0	0	5.9503744e-09	0.12141882673942701	0.9888888888888889
0	0	5.994368e-09	0.12158469945355191	0.9888888888888889
0	0	6.0701657e-09	0.12175102599179206	0.9888888888888889
0	0	6.0738023e-09	0.12191780821917808	0.9888888888888889
0	0	6.098784e-09	0.12208504801097393	0.9888888888888889
0	0	6.154278e-09	0.12225274725274725	0.9888888888888889
0	0	6.228961e-09	0.12242090784044017	0.9888888888888889
0	0	6.2704912e-09	0.12258953168044077	0.9888888888888889
0	0	6.3247967e-09	0.12275862068965518	0.9888888888888889
0	0	6.513108e-09	0.12292817679558012	0.9888888888888889
0	0	6.646573e-09	0.12309820193637622	0.9888888888888889
0	0	6.6526225e-09	0.12326869806094183	0.9888888888888889
0	0	6.761615e-09	0.12343966712898752	0.9888888888888889
0	0	6.7789703e-09	0.12361111111111112	0.9888888888888889
0	0	6.915548e-09	0.12378303198887343	0.9888888888888889
0	0	6.9512542e-09	0.12395543175487465	0.9888888888888889
0	0	7.249866e-09	0.12412831241283125	0.9888888888888889
0	0	7.3260407e-09	0.12430167597765363	0.9888888888888889
0	0	7.362209e-09	0.12447552447552447	0.9888888888888889
0	0	7.387148e-09	0.12464985994397759	0.9888888888888889
0	0	7.423094e-09	0.12482468443197756	0.9888888888888889
0	0	7.4461375e-09	0.125	0.9888888888888889
0	0	7.550323e-09	0.12517580872011252	0.9888888888888889
0	0	7.645125e-09	0.12535211267605634	0.9888888888888889
0	0	7.881237e-09	0.12552891396332863	0.9888888888888889
0	0	8.041417e-09	0.12570621468926554	0.9888888888888889
0	0	8.062458e-09	0.12588401697312587	0.9888888888888889
0	0	8.158616e-09	0.12606232294617564	0.9888888888888889
0	0	8.404636e-09	0.12624113475177304	0.9888888888888889
0	0	8.5463245e-09	0.12642045454545456	0.9888888888888889
0	0	8.66369e-09	0.12660028449502134	0.9888888888888889
0	0	8.855621e-09	0.1267806267806268	0.9888888888888889
0	0	9.044279e-09	0.12696148359486448	0.9888888888888889
0	0	9.353096e-09	0.12714285714285714	0.9888888888888889
0	0	9.471419e-09	0.12732474964234622	0.9888888888888889
0	0	9.64821e-09	0.12750716332378223	0.9888888888888889
0	0	9.863814e-09	0.12769010043041606	0.9888888888888889
0	0	1.0104104e-08	0.1278735632183908	0.9888888888888889
0	0	1.0352401e-08	0.12805755395683452	0.9888888888888889
0	0	1.11372005e-08	0.1282420749279539	0.9888888888888889
0	0	1.122286e-08	0.12842712842712842	0.9888888888888889
0	0	1.1318824e-08	0.12861271676300579	0.9888888888888889
0	0	1.156814e-08	0.1287988422575977	0.9888888888888889
0	0	1.2031326e-08	0.1289855072463768	0.9888888888888889
0	0	1.29262565e-08	0.12917271407837447	0.9888888888888889
0	0	1.3322087e-08	0.12936046511627908	0.9888888888888889
0	0	1.3831896e-08	0.12809315866084425	0.9777777777777777
0	0	1.4116951e-08	0.1282798833819242	0.9777777777777777
0	0	1.4768105e-08	0.12846715328467154	0.9777777777777777
0	0	1.4953848e-08	0.1286549707602339	0.9777777777777777
0	0	1.5358596e-08	0.12884333821376281	0.9777777777777777
0	0	1.5611443e-08	0.12903225806451613	0.9777777777777777
0	0	1.5802335e-08	0.12922173274596183	0.9777777777777777
0	0	1.621922e-08	0.12941176470588237	0.9777777777777777
0	0	1.6407965e-08	0.12960235640648013	0.9777777777777777
0	0	1.6671153e-08	0.12979351032448377	0.9777777777777777
0	0	1.6866027e-08	0.12998522895125553	0.9777777777777777
0	0	1.7938595e-08	0.1301775147928994	0.9777777777777777
0	0	1.8153614e-08	0.13037037037037036	0.9777777777777777
0	0	1.854796e-08	0.13056379821958458	0.9777777777777777
0	0	1.8599577e-08	0.13075780089153047	0.9777777777777777
0	0	1.8777696e-08	0.13095238095238096	0.9777777777777777
0	0	1.9764885e-08	0.13114754098360656	0.9777777777777777
0	0	2.012955e-08	0.13134328358208955	0.9777777777777777
0	0	2.076663e-08	0.13153961136023917	0.9777777777777777
0	0	2.0893248e-08	0.1317365269461078	0.9777777777777777
0	0	2.1055389e-08	0.13193403298350825	0.9777777777777777
0	0	2.115732e-08	0.13213213213213212	0.9777777777777777
0	0	2.1597174e-08	0.13233082706766916	0.9777777777777777
0	0	2.2271692e-08	0.13253012048192772	0.9777777777777777
0	0	2.2613103e-08	0.13273001508295626	0.9777777777777777
0	0	2.2896248e-08	0.13293051359516617	0.9777777777777777
0	0	2.3883604e-08	0.13313161875945537	0.9777777777777777
0	0	2.3922357e-08	0.13333333333333333	0.9777777777777777
0	0	2.4253193e-08	0.13353566009104703	0.9777777777777777
0	0	2.5459387e-08	0.1337386018237082	0.9777777777777777
0	0	2.5473183e-08	0.1339421613394216	0.9777777777777777
0	0	2.5655497e-08	0.13414634146341464	0.9777777777777777
0	0	2.6293772e-08	0.13435114503816795	0.9777777777777777
0	0	2.6597625e-08	0.1345565749235474	0.9777777777777777
0	0	2.8129312e-08	0.13476263399693722	0.9777777777777777
0	0	2.8931316e-08	0.13496932515337423	0.9777777777777777
0	0	2.968306e-08	0.13517665130568357	0.9777777777777777
0	0	3.0365015e-08	0.13538461538461538	0.9777777777777777
0	0	3.076124e-08	0.13559322033898305	0.9777777777777777
0	0	3.1269327e-08	0.13580246913580246	0.9777777777777777
0	0	3.1949615e-08	0.13601236476043277	0.9777777777777777
0	0	3.268221e-08	0.13622291021671826	0.9777777777777777
0	0	3.313457e-08	0.13643410852713178	0.9777777777777777
0	0	3.3338377e-08	0.13664596273291926	0.9777777777777777
0	0	3.3480546e-08	0.1368584758942457	0.9777777777777777
0	0	3.3493258e-08	0.13707165109034267	0.9777777777777777
0	0	3.4721356e-08	0.1372854914196568	0.9777777777777777
0	0	3.5349625e-08	0.1375	0.9777777777777777
0	0	3.6165357e-08	0.13771517996870108	0.9777777777777777
0	0	3.6700346e-08	0.13793103448275862	0.9777777777777777
0	0	3.804045e-08	0.13814756671899528	0.9777777777777777
0	0	4.064327e-08	0.13836477987421383	0.9777777777777777
0	0	4.1196074e-08	0.13858267716535433	0.9777777777777777
0	0	4.2026066e-08	0.138801261829653	0.9777777777777777
0	0	4.2499646e-08	0.13902053712480253	0.9777777777777777
0	0	4.2744016e-08	0.13924050632911392	0.9777777777777777
0	0	4.2745157e-08	0.13946117274167988	0.9777777777777777
0	0	4.3074333e-08	0.13968253968253969	0.9777777777777777
0	0	4.308033e-08	0.13990461049284578	0.9777777777777777
0	0	4.333093e-08	0.14012738853503184	0.9777777777777777
0	0	4.388136e-08	0.14035087719298245	0.9777777777777777
0	0	4.4215234e-08	0.14057507987220447	0.9777777777777777
0	0	4.42262e-08	0.1408	0.9777777777777777
0	0	4.4997694e-08	0.14102564102564102	0.9777777777777777
0	0	4.5382546e-08	0.14125200642054575	0.9777777777777777
0	0	4.560399e-08	0.1414790996784566	0.9777777777777777
0	0	4.7000576e-08	0.14170692431561996	0.9777777777777777
0	0	4.7484995e-08	0.14193548387096774	0.9777777777777777
0	0	4.9861708e-08	0.1421647819063005	0.9777777777777777
0	0	4.9933657e-08	0.1423948220064725	0.9777777777777777
0	0	5.1799734e-08	0.1426256077795786	0.9777777777777777
0	0	5.1979075e-08	0.14285714285714285	0.9777777777777777
0	0	5.448586e-08	0.14308943089430895	0.9777777777777777
0	0	5.5314445e-08	0.14332247557003258	0.9777777777777777
0	0	5.578817e-08	0.14355628058727568	0.9777777777777777
0	0	5.6346714e-08	0.1437908496732026	0.9777777777777777
0	0	5.7810706e-08	0.14402618657937807	0.9777777777777777
0	0	5.825745e-08	0.14426229508196722	0.9777777777777777
0	0	5.8585947e-08	0.1444991789819376	0.9777777777777777
0	0	5.9676985e-08	0.14473684210526316	0.9777777777777777
0	0	6.1567576e-08	0.14497528830313014	0.9777777777777777
0	0	6.257412e-08	0.14521452145214522	0.9777777777777777
0	0	6.662936e-08	0.14545454545454545	0.9777777777777777
0	0	6.718372e-08	0.1456953642384106	0.9777777777777777
0	0	6.9133094e-08	0.14593698175787728	0.9777777777777777
0	0	6.979315e-08	0.1461794019933555	0.9777777777777777
0	0	7.003745e-08	0.1464226289517471	0.9777777777777777
0	0	7.521594e-08	0.14666666666666667	0.9777777777777777
0	0	7.653839e-08	0.14691151919866444	0.9777777777777777
0	0	7.677042e-08	0.14715719063545152	0.9777777777777777
0	0	7.775912e-08	0.1474036850921273	0.9777777777777777
0	0	7.96929e-08	0.1476510067114094	0.9777777777777777
0	0	8.136941e-08	0.14789915966386555	0.9777777777777777
0	0	8.201588e-08	0.14814814814814814	0.9777777777777777
0	0	8.3378175e-08	0.14839797639123103	0.9777777777777777
0	0	8.695015e-08	0.14864864864864866	0.9777777777777777
0	0	8.8733444e-08	0.14890016920473773	0.9777777777777777
0	0	9.434444e-08	0.14915254237288136	0.9777777777777777
0	0	9.634275e-08	0.1494057724957555	0.9777777777777777
0	0	9.660847e-08	0.14965986394557823	0.9777777777777777
0	0	9.923392e-08	0.14991482112436116	0.9777777777777777
0	0	1.0260367e-07	0.15017064846416384	0.9777777777777777
0	0	1.0477193e-07	0.15042735042735042	0.9777777777777777
0	0	1.0845627e-07	0.1506849315068493	0.9777777777777777
0	0	1.1372712e-07	0.1509433962264151	0.9777777777777777
0	0	1.1385919e-07	0.15120274914089346	0.9777777777777777
0	0	1.1510568e-07	0.1514629948364888	0.9777777777777777
0	0	1.16596524e-07	0.15172413793103448	0.9777777777777777
0	0	1.2377569e-07	0.15198618307426598	0.9777777777777777
0	0	1.2526387e-07	0.1522491349480969	0.9777777777777777
0	0	1.284861e-07	0.15251299826689774	0.9777777777777777
0	0	1.2904275e-07	0.1527777777777778	0.9777777777777777
0	0	1.2962407e-07	0.15304347826086956	0.9777777777777777
0	0	1.311838e-07	0.15331010452961671	0.9777777777777777
0	0	1.3306423e-07	0.15357766143106458	0.9777777777777777
0	0	1.4134186e-07	0.15384615384615385	0.9777777777777777
0	0	1.4216828e-07	0.15411558669001751	0.9777777777777777
0	0	1.4891606e-07	0.1543859649122807	0.9777777777777777
0	0	1.5056975e-07	0.1546572934973638	0.9777777777777777
0	0	1.507906e-07	0.15492957746478872	0.9777777777777777
0	0	1.5314797e-07	0.15520282186948853	0.9777777777777777
0	0	1.537773e-07	0.15547703180212014	0.9777777777777777
0	0	1.6006283e-07	0.15575221238938053	0.9777777777777777
0	0	1.7124971e-07	0.15602836879432624	0.9777777777777777
0	0	1.7161135e-07	0.15630550621669628	0.9777777777777777
0	0	1.7354353e-07	0.15658362989323843	0.9777777777777777
0	0	1.7416495e-07	0.1568627450980392	0.9777777777777777
0	0	1.775909e-07	0.15714285714285714	0.9777777777777777
0	0	1.7783461e-07	0.15742397137745975	0.9777777777777777
0	0	1.794635e-07	0.15770609318996415	0.9777777777777777
0	0	1.847717e-07	0.15798922800718132	0.9777777777777777
0	0	1.850309e-07	0.15827338129496402	0.9777777777777777
0	0	1.8675976e-07	0.15855855855855855	0.9777777777777777
0	0	1.873061e-07	0.1588447653429603	0.9777777777777777
0	0	1.9031435e-07	0.15913200723327306	0.9777777777777777
0	0	1.9393107e-07	0.15942028985507245	0.9777777777777777
0	0	1.9549869e-07	0.15970961887477314	0.9777777777777777
0	0	1.9764722e-07	0.16	0.9777777777777777
0	0	1.9780015e-07	0.16029143897996356	0.9777777777777777
0	0	1.9943157e-07	0.16058394160583941	0.9777777777777777
0	0	2.0562038e-07	0.16087751371115175	0.9777777777777777
0	0	2.0873337e-07	0.16117216117216118	0.9777777777777777
0	0	2.1397088e-07	0.1614678899082569	0.9777777777777777
0	0	2.1883916e-07	0.16176470588235295	0.9777777777777777
0	0	2.2121024e-07	0.16206261510128914	0.9777777777777777
0	0	2.2153114e-07	0.16236162361623616	0.9777777777777777
0	0	2.2519365e-07	0.16266173752310537	0.9777777777777777
0	0	2.2829775e-07	0.16296296296296298	0.9777777777777777
0	0	2.3379481e-07	0.16326530612244897	0.9777777777777777
0	0	2.3554627e-07	0.16356877323420074	0.9777777777777777
0	0	2.401361e-07	0.16387337057728119	0.9777777777777777
0	0	2.4367498e-07	0.16417910447761194	0.9777777777777777
0	0	2.5527473e-07	0.16448598130841122	0.9777777777777777
0	0	2.5534726e-07	0.1647940074906367	0.9777777777777777
0	0	2.5917404e-07	0.1651031894934334	0.9777777777777777
0	0	2.7757153e-07	0.16541353383458646	0.9777777777777777
0	0	2.8623404e-07	0.1657250470809793	0.9777777777777777
0	0	2.9319324e-07	0.1660377358490566	0.9777777777777777
0	0	2.959268e-07	0.166351606805293	0.9777777777777777
0	0	3.164728e-07	0.16666666666666666	0.9777777777777777
0	0	3.2286425e-07	0.16698292220113853	0.9777777777777777
0	0	3.2726035e-07	0.16730038022813687	0.9777777777777777
0	0	3.3590604e-07	0.1676190476190476	0.9777777777777777
0	0	3.369571e-07	0.16793893129770993	0.9777777777777777
0	0	3.4168065e-07	0.1682600382409178	0.9777777777777777
0	0	3.5076414e-07	0.1685823754789272	0.9777777777777777
0	0	3.540996e-07	0.1689059500959693	0.9777777777777777
0	0	3.703924e-07	0.16923076923076924	0.9777777777777777
0	0	3.711413e-07	0.16955684007707128	0.9777777777777777
0	0	3.7117707e-07	0.16988416988416988	0.9777777777777777
0	0	3.7202085e-07	0.1702127659574468	0.9777777777777777
0	0	3.7437732e-07	0.17054263565891473	0.9777777777777777
0	0	3.7487965e-07	0.170873786407767	0.9777777777777777
0	0	3.7703123e-07	0.17120622568093385	0.9777777777777777
0	0	3.8942264e-07	0.17153996101364521	0.9777777777777777
0	0	3.9453795e-07	0.171875	0.9777777777777777
0	0	4.0696526e-07	0.17221135029354206	0.9777777777777777
0	0	4.075125e-07	0.17254901960784313	0.9777777777777777
0	0	4.1367653e-07	0.17288801571709234	0.9777777777777777
0	0	4.1786595e-07	0.1732283464566929	0.9777777777777777
0	0	4.304066e-07	0.17357001972386588	0.9777777777777777
0	0	4.3929302e-07	0.17391304347826086	0.9777777777777777
0	0	4.428284e-07	0.17425742574257425	0.9777777777777777
0	0	4.4430388e-07	0.1746031746031746	0.9777777777777777
0	0	4.443882e-07	0.1749502982107356	0.9777777777777777
0	0	4.4759557e-07	0.1752988047808765	0.9777777777777777
0	0	4.5060906e-07	0.17564870259481039	0.9777777777777777
0	0	4.5132643e-07	0.176	0.9777777777777777
0	0	4.5989813e-07	0.17635270541082165	0.9777777777777777
0	0	4.945161e-07	0.17670682730923695	0.9777777777777777
0	0	5.1602416e-07	0.17706237424547283	0.9777777777777777
0	0	5.184135e-07	0.1774193548387097	0.9777777777777777
0	0	5.5825205e-07	0.17777777777777778	0.9777777777777777
0	0	5.6865434e-07	0.17813765182186234	0.9777777777777777
0	0	5.776099e-07	0.17849898580121704	0.9777777777777777
0	0	5.949225e-07	0.17886178861788618	0.9777777777777777
0	0	6.018348e-07	0.17922606924643583	0.9777777777777777
0	0	6.53761e-07	0.17959183673469387	0.9777777777777777
0	0	6.560638e-07	0.17995910020449898	0.9777777777777777
0	0	6.6410496e-07	0.18032786885245902	0.9777777777777777
0	0	6.9035707e-07	0.1806981519507187	0.9777777777777777
0	0	7.0685513e-07	0.18106995884773663	0.9777777777777777
0	0	7.0829446e-07	0.18144329896907216	0.9777777777777777
0	0	7.104146e-07	0.18181818181818182	0.9777777777777777
0	0	7.228094e-07	0.18219461697722567	0.9777777777777777
0	0	7.469624e-07	0.1825726141078838	0.9777777777777777
0	0	7.566226e-07	0.18295218295218296	0.9777777777777777
0	0	7.702797e-07	0.18333333333333332	0.9777777777777777
0	0	7.8755573e-07	0.1837160751565762	0.9777777777777777
0	0	8.0154786e-07	0.18410041841004185	0.9777777777777777
0	0	8.0602064e-07	0.18448637316561844	0.9777777777777777
0	0	8.1334235e-07	0.18487394957983194	0.9777777777777777
0	0	8.340775e-07	0.18526315789473685	0.9777777777777777
0	0	8.4192936e-07	0.18565400843881857	0.9777777777777777
0	0	8.5589767e-07	0.18604651162790697	0.9777777777777777
0	0	8.692658e-07	0.1864406779661017	0.9777777777777777
0	0	9.190072e-07	0.18683651804670912	0.9777777777777777
0	0	9.194174e-07	0.18723404255319148	0.9777777777777777
0	0	9.640486e-07	0.18763326226012794	0.9777777777777777
0	0	9.713151e-07	0.18803418803418803	0.9777777777777777
0	0	9.944848e-07	0.18843683083511778	0.9777777777777777
0	0	1.0184244e-06	0.1888412017167382	0.9777777777777777
0	0	1.0302348e-06	0.18924731182795698	0.9777777777777777
0	0	1.0494539e-06	0.1896551724137931	0.9777777777777777
0	0	1.0721977e-06	0.1900647948164147	0.9777777777777777
0	0	1.1424592e-06	0.19047619047619047	0.9777777777777777
0	0	1.1897235e-06	0.19088937093275488	0.9777777777777777
0	0	1.2059743e-06	0.19130434782608696	0.9777777777777777
0	0	1.2059974e-06	0.19172113289760348	0.9777777777777777
0	0	1.2477734e-06	0.19213973799126638	0.9777777777777777
0	0	1.2489426e-06	0.1925601750547046	0.9777777777777777
0	0	1.2693728e-06	0.19298245614035087	0.9777777777777777
0	0	1.2744175e-06	0.1934065934065934	0.9777777777777777
0	0	1.3617733e-06	0.19383259911894274	0.9777777777777777
0	0	1.3907602e-06	0.19426048565121412	0.9777777777777777
0	0	1.4090972e-06	0.19469026548672566	0.9777777777777777
0	0	1.4108708e-06	0.1951219512195122	0.9777777777777777
0	0	1.4733943e-06	0.19555555555555557	0.9777777777777777
0	0	1.5475771e-06	0.19599109131403117	0.9777777777777777
0	0	1.5675138e-06	0.19642857142857142	0.9777777777777777
0	0	1.6169231e-06	0.19686800894854586	0.9777777777777777
0	0	1.7023883e-06	0.19730941704035873	0.9777777777777777
0	0	1.8889181e-06	0.19775280898876405	0.9777777777777777
0	0	1.9022596e-06	0.1981981981981982	0.9777777777777777
0	0	1.9073277e-06	0.1986455981941309	0.9777777777777777
0	0	1.9131462e-06	0.19909502262443438	0.9777777777777777
0	0	1.9471067e-06	0.19954648526077098	0.9777777777777777
0	0	1.9655415e-06	0.2	0.9777777777777777
0	0	2.0605453e-06	0.20045558086560364	0.9777777777777777
0	0	2.0818284e-06	0.2009132420091324	0.9777777777777777
0	0	2.1195042e-06	0.20137299771167047	0.9777777777777777
0	0	2.1311403e-06	0.2018348623853211	0.9777777777777777
0	0	2.1766866e-06	0.20229885057471264	0.9777777777777777
0	0	2.295652e-06	0.20276497695852536	0.9777777777777777
0	0	2.3106804e-06	0.20323325635103925	0.9777777777777777
0	0	2.322418e-06	0.2037037037037037	0.9777777777777777
0	0	2.4302014e-06	0.20417633410672853	0.9777777777777777
0	0	2.5043278e-06	0.20465116279069767	0.9777777777777777
0	0	2.5592851e-06	0.20512820512820512	0.9777777777777777
0	0	2.5763827e-06	0.205607476635514	0.9777777777777777
0	0	2.6309183e-06	0.20608899297423888	0.9777777777777777
0	0	2.6766647e-06	0.20657276995305165	0.9777777777777777
0	0	2.7159238e-06	0.20705882352941177	0.9777777777777777
0	0	2.7617784e-06	0.20754716981132076	0.9777777777777777
0	0	2.787461e-06	0.20803782505910165	0.9777777777777777
0	0	2.8719812e-06	0.20853080568720378	0.9777777777777777
0	0	2.9857438e-06	0.20902612826603326	0.9777777777777777
0	0	3.0076294e-06	0.20952380952380953	0.9777777777777777
0	0	3.014521e-06	0.2100238663484487	0.9777777777777777
0	0	3.0514686e-06	0.21052631578947367	0.9777777777777777
0	0	3.0672297e-06	0.21103117505995203	0.9777777777777777
0	0	3.1346472e-06	0.21153846153846154	0.9777777777777777
0	0	3.1448549e-06	0.21204819277108433	0.9777777777777777
0	0	3.1565041e-06	0.21256038647342995	0.9777777777777777
0	0	3.2007124e-06	0.21307506053268765	0.9777777777777777
0	0	3.286965e-06	0.21359223300970873	0.9777777777777777
0	0	3.444568e-06	0.2141119221411192	0.9777777777777777
0	0	3.4461846e-06	0.2146341463414634	0.9777777777777777
0	0	3.5062976e-06	0.21515892420537897	0.9777777777777777
0	0	3.6398642e-06	0.21568627450980393	0.9777777777777777
0	0	3.817197e-06	0.21621621621621623	0.9777777777777777
0	0	3.8485123e-06	0.21674876847290642	0.9777777777777777
0	0	3.90127e-06	0.21728395061728395	0.9777777777777777
0	0	4.1821386e-06	0.21782178217821782	0.9777777777777777
0	0	4.1949775e-06	0.21836228287841192	0.9777777777777777
0	0	4.297342e-06	0.21890547263681592	0.9777777777777777
0	0	4.5337397e-06	0.2194513715710723	0.9777777777777777
0	0	4.5468078e-06	0.22	0.9777777777777777
0	0	4.5549323e-06	0.22055137844611528	0.9777777777777777
0	0	4.595689e-06	0.22110552763819097	0.9777777777777777
0	0	4.6844457e-06	0.2216624685138539	0.9777777777777777
0	0	4.6876053e-06	0.2222222222222222	0.9777777777777777
0	0	4.732297e-06	0.22278481012658227	0.9777777777777777
0	0	4.9617834e-06	0.2233502538071066	0.9777777777777777
0	0	5.0218755e-06	0.22391857506361323	0.9777777777777777
0	0	5.041059e-06	0.22448979591836735	0.9777777777777777
0	0	5.052634e-06	0.22506393861892582	0.9777777777777777
0	0	5.096742e-06	0.22564102564102564	0.9777777777777777
0	0	5.1210786e-06	0.2262210796915167	0.9777777777777777
0	0	5.1217626e-06	0.2268041237113402	0.9777777777777777
0	0	5.18266e-06	0.22739018087855298	0.9777777777777777
0	0	5.1941784e-06	0.22797927461139897	0.9777777777777777
0	0	5.211207e-06	0.22857142857142856	0.9777777777777777
0	0	5.4277184e-06	0.22916666666666666	0.9777777777777777
0	0	5.551798e-06	0.2297650130548303	0.9777777777777777
0	0	5.5648056e-06	0.23036649214659685	0.9777777777777777
0	0	5.9450613e-06	0.23097112860892388	0.9777777777777777
0	0	5.957218e-06	0.23157894736842105	0.9777777777777777
0	0	6.1392598e-06	0.23218997361477572	0.9777777777777777
0	0	6.2115328e-06	0.2328042328042328	0.9777777777777777
0	0	6.42085e-06	0.23342175066312998	0.9777777777777777
0	0	6.453122e-06	0.23404255319148937	0.9777777777777777
0	0	6.463142e-06	0.23466666666666666	0.9777777777777777
0	0	6.5293066e-06	0.23529411764705882	0.9777777777777777
0	0	6.750864e-06	0.2359249329758713	0.9777777777777777
0	0	7.2957673e-06	0.23655913978494625	0.9777777777777777
0	0	7.345713e-06	0.2371967654986523	0.9777777777777777
0	0	7.4953514e-06	0.23783783783783785	0.9777777777777777
0	0	7.5106072e-06	0.23848238482384823	0.9777777777777777
0	0	7.6268884e-06	0.2391304347826087	0.9777777777777777
0	0	7.719933e-06	0.23978201634877383	0.9777777777777777
0	0	8.08135e-06	0.24043715846994534	0.9777777777777777
0	0	8.107774e-06	0.2410958904109589	0.9777777777777777
0	0	9.118624e-06	0.24175824175824176	0.9777777777777777
0	0	9.415626e-06	0.24242424242424243	0.9777777777777777
0	0	9.688221e-06	0.2430939226519337	0.9777777777777777
0	0	1.0317951e-05	0.24376731301939059	0.9777777777777777
0	0	1.0423469e-05	0.24444444444444444	0.9777777777777777
0	0	1.11816e-05	0.24512534818941503	0.9777777777777777
0	0	1.1618019e-05	0.24581005586592178	0.9777777777777777
0	0	1.21222065e-05	0.24649859943977592	0.9777777777777777
0	0	1.2274131e-05	0.24719101123595505	0.9777777777777777
0	0	1.2296568e-05	0.24788732394366197	0.9777777777777777
0	0	1.2698578e-05	0.24858757062146894	0.9777777777777777
0	0	1.2731913e-05	0.24929178470254956	0.9777777777777777
0	0	1.2849783e-05	0.25	0.9777777777777777
0	0	1.3067828e-05	0.25071225071225073	0.9777777777777777
0	0	1.3350597e-05	0.25142857142857145	0.9777777777777777
0	0	1.3765299e-05	0.2521489971346705	0.9777777777777777
0	0	1.3892084e-05	0.25287356321839083	0.9777777777777777
0	0	1.4476242e-05	0.25360230547550433	0.9777777777777777
0	0	1.4834407e-05	0.2543352601156069	0.9777777777777777
0	0	1.5323621e-05	0.25507246376811593	0.9777777777777777
0	0	1.5863596e-05	0.2558139534883721	0.9777777777777777
0	0	1.609932e-05	0.2565597667638484	0.9777777777777777
0	0	1.7099208e-05	0.2573099415204678	0.9777777777777777
0	0	1.7435605e-05	0.25806451612903225	0.9777777777777777
0	0	1.7689375e-05	0.25882352941176473	0.9777777777777777
0	0	1.7777975e-05	0.25958702064896755	0.9777777777777777
0	0	1.8050461e-05	0.2603550295857988	0.9777777777777777
0	0	1.8099347e-05	0.26112759643916916	0.9777777777777777
0	0	1.819071e-05	0.2619047619047619	0.9777777777777777
0	0	1.8200013e-05	0.2626865671641791	0.9777777777777777
0	0	1.8441431e-05	0.2634730538922156	0.9777777777777777
0	0	1.89269e-05	0.26426426426426425	0.9777777777777777
0	0	1.9192268e-05	0.26506024096385544	0.9777777777777777
0	0	1.9267436e-05	0.26586102719033233	0.9777777777777777
0	0	1.9697765e-05	0.26666666666666666	0.9777777777777777
0	0	1.969938e-05	0.2674772036474164	0.9777777777777777
0	0	2.0045156e-05	0.2682926829268293	0.9777777777777777
0	0	2.0047106e-05	0.2691131498470948	0.9777777777777777
0	0	2.0105328e-05	0.26993865030674846	0.9777777777777777
0	0	2.0183266e-05	0.27076923076923076	0.9777777777777777
0	0	2.0585185e-05	0.2716049382716049	0.9777777777777777
0	0	2.0868192e-05	0.2724458204334365	0.9777777777777777
0	0	2.1034126e-05	0.2732919254658385	0.9777777777777777
0	0	2.1947755e-05	0.27102803738317754	0.9666666666666667
0	0	2.3613884e-05	0.271875	0.9666666666666667
0	0	2.405127e-05	0.2727272727272727	0.9666666666666667
0	0	2.4161549e-05	0.27358490566037735	0.9666666666666667
0	0	2.4219546e-05	0.2744479495268139	0.9666666666666667
0	0	2.5542047e-05	0.27531645569620256	0.9666666666666667
0	0	2.5873278e-05	0.2761904761904762	0.9666666666666667
0	0	2.6417283e-05	0.2770700636942675	0.9666666666666667
0	0	2.6824991e-05	0.2779552715654952	0.9666666666666667
0	0	2.8487171e-05	0.27564102564102566	0.9555555555555556
0	0	2.9046189e-05	0.2765273311897106	0.9555555555555556
0	0	2.9214898e-05	0.27741935483870966	0.9555555555555556
0	0	2.9371617e-05	0.2783171521035599	0.9555555555555556
0	0	3.0450847e-05	0.2792207792207792	0.9555555555555556
0	0	3.1064592e-05	0.2768729641693811	0.9444444444444444
0	0	3.2309268e-05	0.2777777777777778	0.9444444444444444
0	0	3.2430587e-05	0.2786885245901639	0.9444444444444444
0	0	3.2544038e-05	0.27960526315789475	0.9444444444444444
0	0	3.412897e-05	0.28052805280528054	0.9444444444444444
0	0	3.5791978e-05	0.2814569536423841	0.9444444444444444
0	0	3.7708556e-05	0.2823920265780731	0.9444444444444444
0	0	4.0455143e-05	0.2833333333333333	0.9444444444444444
0	0	4.072812e-05	0.2842809364548495	0.9444444444444444
0	0	4.1328065e-05	0.28523489932885904	0.9444444444444444
0	0	4.15041e-05	0.28619528619528617	0.9444444444444444
0	0	4.202821e-05	0.28716216216216217	0.9444444444444444
0	0	4.2039675e-05	0.288135593220339	0.9444444444444444
0	0	4.24463e-05	0.2891156462585034	0.9444444444444444
0	0	4.4519922e-05	0.2901023890784983	0.9444444444444444
0	0	4.6401245e-05	0.2910958904109589	0.9444444444444444
0	0	4.8672886e-05	0.2920962199312715	0.9444444444444444
0	0	4.9710034e-05	0.29310344827586204	0.9444444444444444
0	0	5.0661813e-05	0.29411764705882354	0.9444444444444444
0	0	5.150613e-05	0.2951388888888889	0.9444444444444444
0	0	5.1829345e-05	0.2961672473867596	0.9444444444444444
0	0	5.324252e-05	0.2972027972027972	0.9444444444444444
0	0	5.3639313e-05	0.2982456140350877	0.9444444444444444
0	0	5.589052e-05	0.2992957746478873	0.9444444444444444
0	0	5.7173795e-05	0.3003533568904594	0.9444444444444444
0	0	5.8816706e-05	0.30141843971631205	0.9444444444444444
0	0	5.9070935e-05	0.302491103202847	0.9444444444444444
0	0	6.0070728e-05	0.30357142857142855	0.9444444444444444
0	0	6.134605e-05	0.3046594982078853	0.9444444444444444
0	0	6.2010455e-05	0.3057553956834532	0.9444444444444444
0	0	6.249325e-05	0.30685920577617326	0.9444444444444444
0	0	6.360451e-05	0.3079710144927536	0.9444444444444444
0	0	6.409117e-05	0.3090909090909091	0.9444444444444444
0	0	6.484463e-05	0.3102189781021898	0.9444444444444444
0	0	6.486652e-05	0.31135531135531136	0.9444444444444444
0	0	6.4967e-05	0.3125	0.9444444444444444
0	0	6.5375556e-05	0.31365313653136534	0.9444444444444444
0	0	6.626608e-05	0.3148148148148148	0.9444444444444444
0	0	6.6531895e-05	0.3159851301115242	0.9444444444444444
0	0	7.22261e-05	0.31716417910447764	0.9444444444444444
0	0	7.7241806e-05	0.31835205992509363	0.9444444444444444
0	0	7.7662124e-05	0.31954887218045114	0.9444444444444444
0	0	8.0586884e-05	0.32075471698113206	0.9444444444444444
0	0	8.826496e-05	0.32196969696969696	0.9444444444444444
0	0	9.066734e-05	0.3231939163498099	0.9444444444444444
0	0	9.23591e-05	0.3244274809160305	0.9444444444444444
0	0	9.3422575e-05	0.32567049808429116	0.9444444444444444
0	0	9.6115895e-05	0.3269230769230769	0.9444444444444444
0	0	9.63634e-05	0.3281853281853282	0.9444444444444444
0	0	0.00011432279	0.32945736434108525	0.9444444444444444
0	0	0.00011910647	0.33073929961089493	0.9444444444444444
0	0	0.00011996523	0.3333333333333333	0.9444444444444444
0	0	0.0001210419	0.3346456692913386	0.9444444444444444
0	0	0.00012224498	0.3359683794466403	0.9444444444444444
0	0	0.00012467716	0.3373015873015873	0.9444444444444444
0	0	0.00012749934	0.3386454183266932	0.9444444444444444
0	0	0.00012925142	0.34	0.9444444444444444
0	0	0.00012928013	0.3413654618473896	0.9444444444444444
0	0	0.00013165762	0.34274193548387094	0.9444444444444444
0	0	0.00013511279	0.3441295546558704	0.9444444444444444
0	0	0.00013642355	0.34552845528455284	0.9444444444444444
0	0	0.00013751439	0.3469387755102041	0.9444444444444444
0	0	0.00013808557	0.3483606557377049	0.9444444444444444
0	0	0.00013901912	0.3497942386831276	0.9444444444444444
0	0	0.00014231035	0.3512396694214876	0.9444444444444444
0	0	0.00014626133	0.35269709543568467	0.9444444444444444
0	0	0.00015113702	0.3541666666666667	0.9444444444444444
0	0	0.00016872947	0.35564853556485354	0.9444444444444444
0	0	0.00017200825	0.35714285714285715	0.9444444444444444
0	0	0.00017489419	0.35864978902953587	0.9444444444444444
0	0	0.00017979606	0.3601694915254237	0.9444444444444444
0	0	0.00019630653	0.3617021276595745	0.9444444444444444
0	0	0.00019831955	0.36324786324786323	0.9444444444444444
0	0	0.00020630815	0.3648068669527897	0.9444444444444444
0	0	0.00022247041	0.36637931034482757	0.9444444444444444
0	0	0.00025558987	0.36796536796536794	0.9444444444444444
0	0	0.00025905744	0.3695652173913043	0.9444444444444444
0	0	0.00026514992	0.37117903930131	0.9444444444444444
0	0	0.0002910158	0.37280701754385964	0.9444444444444444
0	0	0.0003006697	0.3744493392070485	0.9444444444444444
0	0	0.00030802868	0.37610619469026546	0.9444444444444444
0	0	0.00030899694	0.37777777777777777	0.9444444444444444
0	0	0.00032925158	0.3794642857142857	0.9444444444444444
0	0	0.0003411753	0.3811659192825112	0.9444444444444444
0	0	0.0003639157	0.38288288288288286	0.9444444444444444
0	0	0.00037220528	0.38461538461538464	0.9444444444444444
0	0	0.00037348483	0.38636363636363635	0.9444444444444444
0	0	0.00038445572	0.3881278538812785	0.9444444444444444
0	0	0.0003999681	0.38990825688073394	0.9444444444444444
0	0	0.00040326756	0.391705069124424	0.9444444444444444
0	0	0.00041060537	0.39351851851851855	0.9444444444444444
0	0	0.00042480018	0.3953488372093023	0.9444444444444444
0	0	0.00047802037	0.397196261682243	0.9444444444444444
0	0	0.0005158679	0.39906103286384975	0.9444444444444444
0	0	0.00052543654	0.4009433962264151	0.9444444444444444
0	0	0.0005294762	0.4028436018957346	0.9444444444444444
0	0	0.0005331264	0.40476190476190477	0.9444444444444444
0	0	0.00054261694	0.4019138755980861	0.9333333333333333
0	0	0.0005489766	0.40384615384615385	0.9333333333333333
0	0	0.0005536764	0.4057971014492754	0.9333333333333333
0	0	0.00056402176	0.4077669902912621	0.9333333333333333
0	0	0.00058281614	0.4097560975609756	0.9333333333333333
0	0	0.0005837526	0.4117647058823529	0.9333333333333333
0	0	0.000605647	0.4088669950738916	0.9222222222222223
0	0	0.0006091723	0.41089108910891087	0.9222222222222223
0	0	0.00063431804	0.4129353233830846	0.9222222222222223
0	0	0.0006699692	0.415	0.9222222222222223
0	0	0.0007323229	0.41708542713567837	0.9222222222222223
0	0	0.00073248206	0.41414141414141414	0.9111111111111111
0	0	0.0007341383	0.41624365482233505	0.9111111111111111
0	0	0.0007348151	0.41836734693877553	0.9111111111111111
0	0	0.00078065356	0.4205128205128205	0.9111111111111111
0	0	0.00080355094	0.422680412371134	0.9111111111111111
0	0	0.00085716735	0.42487046632124353	0.9111111111111111
0	0	0.0008604143	0.4270833333333333	0.9111111111111111
0	0	0.0008693019	0.4293193717277487	0.9111111111111111
0	0	0.0008848533	0.4263157894736842	0.9
0	0	0.0009433954	0.42857142857142855	0.9
0	0	0.0009590568	0.4308510638297872	0.9
0	0	0.0009638536	0.43315508021390375	0.9
0	0	0.0010124799	0.43548387096774194	0.9
0	0	0.0010218838	0.43783783783783786	0.9
0	0	0.0010402041	0.44021739130434784	0.9
0	0	0.0010615427	0.4426229508196721	0.9
0	0	0.0010786724	0.44505494505494503	0.9
0	0	0.001107164	0.44751381215469616	0.9
0	0	0.001137631	0.45	0.9
0	0	0.001145205	0.45251396648044695	0.9
0	0	0.0011541795	0.4550561797752809	0.9
0	0	0.0011635121	0.4519774011299435	0.8888888888888888
0	0	0.0012459027	0.45454545454545453	0.8888888888888888
0	0	0.0012470436	0.45714285714285713	0.8888888888888888
0	0	0.0012609113	0.45977011494252873	0.8888888888888888
0	0	0.0012808912	0.4624277456647399	0.8888888888888888
0	0	0.0013291447	0.46511627906976744	0.8888888888888888
0	0	0.0013333027	0.4619883040935672	0.8777777777777778
0	0	0.0014994487	0.4647058823529412	0.8777777777777778
0	0	0.0016819664	0.46745562130177515	0.8777777777777778
0	0	0.0017261418	0.47023809523809523	0.8777777777777778
0	0	0.0018363389	0.47305389221556887	0.8777777777777778
0	0	0.0019703533	0.4759036144578313	0.8777777777777778
0	0	0.002017099	0.47878787878787876	0.8777777777777778
0	0	0.0020232822	0.4817073170731707	0.8777777777777778
0	0	0.0020504312	0.48466257668711654	0.8777777777777778
0	0	0.0020790221	0.4876543209876543	0.8777777777777778
0	0	0.002522259	0.4906832298136646	0.8777777777777778
0	0	0.0027313773	0.4875	0.8666666666666667
0	0	0.0028779772	0.49056603773584906	0.8666666666666667
0	0	0.002908358	0.4936708860759494	0.8666666666666667
0	0	0.0032136189	0.4968152866242038	0.8666666666666667
0	0	0.0032964195	0.5	0.8666666666666667
0	0	0.0034209606	0.5032258064516129	0.8666666666666667
0	0	0.003700248	0.5	0.8555555555555555
0	0	0.0038891677	0.5032679738562091	0.8555555555555555
0	0	0.004045844	0.506578947368421	0.8555555555555555
0	0	0.0042419867	0.5033112582781457	0.8444444444444444
0	0	0.00431629	0.5066666666666667	0.8444444444444444
0	0	0.0044005346	0.5100671140939598	0.8444444444444444
0	0	0.0044471044	0.5135135135135135	0.8444444444444444
0	0	0.004503764	0.5170068027210885	0.8444444444444444
0	0	0.0048827818	0.5205479452054794	0.8444444444444444
0	0	0.004984407	0.5241379310344828	0.8444444444444444
0	0	0.0050312155	0.5277777777777778	0.8444444444444444
0	0	0.005090358	0.5314685314685315	0.8444444444444444
0	0	0.0053149424	0.5352112676056338	0.8444444444444444
0	0	0.0053371317	0.5390070921985816	0.8444444444444444
0	0	0.005377756	0.5428571428571428	0.8444444444444444
0	0	0.0057606725	0.5467625899280576	0.8444444444444444
0	0	0.005809283	0.5507246376811594	0.8444444444444444
0	0	0.0058135893	0.5547445255474452	0.8444444444444444
0	0	0.0068326527	0.5588235294117647	0.8444444444444444
0	0	0.007032975	0.562962962962963	0.8444444444444444
0	0	0.0071319183	0.5671641791044776	0.8444444444444444
0	0	0.00863765	0.5714285714285714	0.8444444444444444
0	0	0.008823974	0.5757575757575758	0.8444444444444444
0	0	0.01104323	0.5801526717557252	0.8444444444444444
0	0	0.012891108	0.5846153846153846	0.8444444444444444
0	0	0.01300436	0.5891472868217055	0.8444444444444444
0	0	0.014212101	0.59375	0.8444444444444444
0	0	0.016665118	0.5984251968503937	0.8444444444444444
0	0	0.018893698	0.6031746031746031	0.8444444444444444
0	0	0.021552432	0.608	0.8444444444444444
0	0	0.024092078	0.6129032258064516	0.8444444444444444
0	0	0.024509815	0.6178861788617886	0.8444444444444444
0	0	0.026781349	0.6147540983606558	0.8333333333333334
0	0	0.027834272	0.6198347107438017	0.8333333333333334
0	0	0.028336698	0.625	0.8333333333333334
0	0	0.030269861	0.6302521008403361	0.8333333333333334
0	0	0.031826127	0.635593220338983	0.8333333333333334
0	0	0.032663114	0.6410256410256411	0.8333333333333334
0	0	0.034796868	0.646551724137931	0.8333333333333334
0	0	0.034943838	0.6521739130434783	0.8333333333333334
0	0	0.037260395	0.6578947368421053	0.8333333333333334
0	0	0.046589665	0.6637168141592921	0.8333333333333334
0	0	0.051570483	0.6696428571428571	0.8333333333333334
0	0	0.06146621	0.6756756756756757	0.8333333333333334
0	0	0.06635831	0.6818181818181818	0.8333333333333334
0	0	0.0674486	0.6880733944954128	0.8333333333333334
0	0	0.06838454	0.6851851851851852	0.8222222222222222
0	0	0.06947812	0.6915887850467289	0.8222222222222222
0	0	0.07253164	0.6981132075471698	0.8222222222222222
0	0	0.0757237	0.7047619047619048	0.8222222222222222
0	0	0.0778019	0.7115384615384616	0.8222222222222222
0	0	0.08188424	0.7184466019417476	0.8222222222222222
0	0	0.10695115	0.7254901960784313	0.8222222222222222
0	0	0.108090036	0.7227722772277227	0.8111111111111111
0	0	0.11575771	0.73	0.8111111111111111
0	0	0.13269329	0.7272727272727273	0.8
0	0	0.13400812	0.7244897959183674	0.7888888888888889
0	0	0.13825801	0.7319587628865979	0.7888888888888889
0	0	0.15052776	0.7395833333333334	0.7888888888888889
0	0	0.1759605	0.7473684210526316	0.7888888888888889
0	0	0.19630052	0.7553191489361702	0.7888888888888889
0	0	0.21162039	0.7634408602150538	0.7888888888888889
0	0	0.23650753	0.7717391304347826	0.7888888888888889
0	0	0.26013333	0.7692307692307693	0.7777777777777778
0	0	0.28897497	0.7777777777777778	0.7777777777777778
0	0	0.42261603	0.7865168539325843	0.7777777777777778
0	0	0.42270207	0.7954545454545454	0.7777777777777778
0	0	0.45669296	0.7931034482758621	0.7666666666666667
0	0	0.46306956	0.8023255813953488	0.7666666666666667
0	0	0.47750264	0.8117647058823529	0.7666666666666667
0	0	0.5012416	0.8214285714285714	0.7666666666666667
0	0	0.5045223	0.8313253012048193	0.7666666666666667
0	0	0.5147142	0.8292682926829268	0.7555555555555555
0	0	0.5735241	0.8271604938271605	0.7444444444444445
0	0	0.58423346	0.825	0.7333333333333333
0	0	0.6115002	0.8354430379746836	0.7333333333333333
0	0	0.64896584	0.8461538461538461	0.7333333333333333
0	0	0.7094418	0.8571428571428571	0.7333333333333333
0	0	0.715883	0.868421052631579	0.7333333333333333
0	0	0.7855041	0.88	0.7333333333333333
0	0	0.7954346	0.8918918918918919	0.7333333333333333
0	0	0.8165754	0.9041095890410958	0.7333333333333333
0	0	0.83095545	0.9027777777777778	0.7222222222222222
0	0	0.84156764	0.9154929577464789	0.7222222222222222
0	0	0.8558069	0.9142857142857143	0.7111111111111111
0	0	0.9218366	0.927536231884058	0.7111111111111111
0	0	0.9430727	0.9264705882352942	0.7
0	0	0.947969	0.9402985074626866	0.7
0	0	0.95201427	0.9545454545454546	0.7
0	0	0.96968096	0.9538461538461539	0.6888888888888889
0	0	0.99103373	0.96875	0.6888888888888889
0	0	0.9951626	0.9682539682539683	0.6777777777777778
0	0	0.9976666	0.967741935483871	0.6666666666666666
0	0	0.99770504	0.9672131147540983	0.6555555555555556
0	0	0.9981779	0.9666666666666667	0.6444444444444445
0	0	0.9993925	0.9830508474576272	0.6444444444444445
0	0	0.99944204	0.9827586206896551	0.6333333333333333
0	0	0.9998398	0.9824561403508771	0.6222222222222222
0	0	0.99986637	0.9821428571428571	0.6111111111111112
0	0	0.9999162	0.9818181818181818	0.6
0	0	0.9999244	0.9814814814814815	0.5888888888888889
0	0	0.9999349	0.9811320754716981	0.5777777777777777
0	0	0.9999616	0.9807692307692307	0.5666666666666667
0	0	0.9999809	0.9803921568627451	0.5555555555555556
0	0	0.99999356	0.98	0.5444444444444444
0	0	0.9999949	0.9795918367346939	0.5333333333333333
0	0	0.99999833	0.9791666666666666	0.5222222222222223
0	0	0.99999845	0.9782608695652174	0.5
0	0	0.9999987	0.9777777777777777	0.4888888888888889
0	0	0.9999988	0.9772727272727273	0.4777777777777778
0	0	0.9999995	0.9767441860465116	0.4666666666666667
0	0	0.9999999	0.9761904761904762	0.45555555555555555
0	0	1.0	0.9743589743589743	0.4222222222222222
